0.03311489599991546,-0.21318717300891876,-1.2163010835647583,1.053164005279541
0.06744765300004474,-0.21318717300891876,-1.2163010835647583,1.053164005279541
0.11318742200000997,-0.21318717300891876,-1.2163010835647583,1.053164005279541
0.16034503499986386,-0.21318717300891876,-1.2163010835647583,1.053164005279541
0.20695538499990107,-0.21318717300891876,-1.2163010835647583,1.053164005279541
0.25708293100001356,-0.21318717300891876,-1.2163010835647583,1.053164005279541
0.2975337779998881,-0.21318717300891876,-1.2163010835647583,1.053164005279541
0.3399267360000522,-0.21318717300891876,-1.2163010835647583,1.053164005279541
0.3931311189999178,-0.21318717300891876,-1.2163010835647583,1.053164005279541
0.4608962600000268,-0.21318717300891876,-1.2163010835647583,1.053164005279541
0.5040707349999138,-0.21318717300891876,-1.2163010835647583,1.053164005279541
0.5611115960000461,-0.21318717300891876,-1.2163010835647583,1.053164005279541
0.6192314129998522,-0.21318717300891876,-1.2163010835647583,1.053164005279541
0.6854500039999039,-0.21318717300891876,-1.2163010835647583,1.053164005279541
0.7691988720000609,-0.21318717300891876,-1.2163010835647583,1.053164005279541
0.8374957869998525,-0.21318717300891876,-1.2163010835647583,1.053164005279541
0.8981710819998625,-0.21318717300891876,-1.2163010835647583,1.053164005279541
0.9704323429998567,-0.21318717300891876,-1.2163010835647583,1.053164005279541
1.040206754999872,-0.21270935237407684,-1.2151070833206177,1.265745997428894
1.0971614630000204,-0.21270935237407684,-1.2151070833206177,1.265745997428894
1.1714663220000148,-0.21270935237407684,-1.2151070833206177,1.265745997428894
1.2158090109999193,-0.21270935237407684,-1.2151070833206177,1.265745997428894
1.3013238920000276,-0.21270935237407684,-1.2151070833206177,1.265745997428894
1.3792557110000416,-0.21270935237407684,-1.2151070833206177,1.265745997428894
1.4302762329998586,-0.21270935237407684,-1.2151070833206177,1.265745997428894
1.4897036160000425,-0.21270935237407684,-1.2151070833206177,1.265745997428894
1.5625620260000233,-0.21270935237407684,-1.2151070833206177,1.265745997428894
1.6280026609999823,-0.21270935237407684,-1.2151070833206177,1.265745997428894
1.6861522479998712,-0.21270935237407684,-1.2151070833206177,1.265745997428894
1.738603957999885,-0.21270935237407684,-1.2151070833206177,1.265745997428894
1.8158805329999268,-0.21270935237407684,-1.2151070833206177,1.265745997428894
1.8768030329999874,-0.21270935237407684,-1.2151070833206177,1.265745997428894
1.956232800999942,-0.21270935237407684,-1.2151070833206177,1.265745997428894
2.0070942729998933,-0.21270935237407684,-1.2151070833206177,1.265745997428894
2.086529278999933,-0.21270935237407684,-1.2151070833206177,1.265745997428894
2.1369768879999356,-0.21270935237407684,-1.2151070833206177,1.265745997428894
2.2079175090000263,-0.21270935237407684,-1.2151070833206177,1.265745997428894
2.27647696300005,-0.21270935237407684,-1.2151070833206177,1.265745997428894
2.348833259999992,-0.21270935237407684,-1.2151070833206177,1.265745997428894
2.4201442480000424,-0.21270935237407684,-1.2151070833206177,1.265745997428894
2.480478668999922,-0.21270935237407684,-1.2151070833206177,1.265745997428894
2.54166630099985,-0.21270935237407684,-1.2151070833206177,1.265745997428894
2.630346773999918,-0.21270935237407684,-1.2151070833206177,1.265745997428894
2.6810310099999697,-0.21270935237407684,-1.2151070833206177,1.265745997428894
2.757449519999909,-0.21270935237407684,-1.2151070833206177,1.265745997428894
2.8414455770000586,-0.21270935237407684,-1.2151070833206177,1.265745997428894
2.8912519870000324,-0.21270935237407684,-1.2151070833206177,1.265745997428894
3.4026047810000364,-0.21270935237407684,-1.2151070833206177,1.265745997428894
3.496440524000036,-0.21270935237407684,-1.2156922817230225,1.2223905324935913
3.5756083520000175,-0.21270935237407684,-1.2156922817230225,1.2223905324935913
3.6379949739998665,-0.21270935237407684,-1.2156922817230225,1.2223905324935913
3.6713412439999047,-0.21270935237407684,-1.2156922817230225,1.2223905324935913
3.7171684319998803,-0.21270935237407684,-1.2156922817230225,1.2223905324935913
3.7535517389999313,-0.21270935237407684,-1.2156922817230225,1.2223905324935913
3.809344509999846,-0.21270935237407684,-1.2156922817230225,1.2223905324935913
3.870500145000051,-0.21270935237407684,-1.2156922817230225,1.2223905324935913
3.918471666999949,-0.21270935237407684,-1.2156922817230225,1.2223905324935913
3.9868624430000636,-0.21270935237407684,-1.2156922817230225,1.2223905324935913
4.040805258999853,-0.21270935237407684,-1.2156922817230225,1.2223905324935913
4.093071642000041,-0.21270935237407684,-1.2156922817230225,1.2223905324935913
4.137684590999925,-0.21270935237407684,-1.2156922817230225,1.2223905324935913
4.185204789999943,-0.21270935237407684,-1.2156922817230225,1.2223905324935913
4.228325830999893,-0.21270935237407684,-1.2156922817230225,1.2223905324935913
4.273051497999859,-0.21270935237407684,-1.2156922817230225,1.2223905324935913
4.342347078999865,-0.21270935237407684,-1.2156922817230225,1.2223905324935913
4.437175751000041,-0.21270935237407684,-1.2156922817230225,1.2223905324935913
4.5011949079998885,-0.21270935237407684,-1.2156922817230225,1.2223905324935913
4.542490230999874,-0.21270935237407684,-1.2156922817230225,1.2223905324935913
4.608790425000052,-0.21270935237407684,-1.2156922817230225,1.2223905324935913
4.6808424010000635,-0.21270935237407684,-1.2156922817230225,1.2223905324935913
4.742415338000001,-0.21270935237407684,-1.2156922817230225,1.2223905324935913
4.826091483000027,-0.21270935237407684,-1.2156922817230225,1.2223905324935913
4.897232670999983,-0.21270935237407684,-1.2156922817230225,1.2223905324935913
4.965696774999969,-0.21270935237407684,-1.2156922817230225,1.2223905324935913
5.005425683999874,-0.21270935237407684,-1.2156922817230225,1.2223905324935913
5.07182378199991,-0.21270935237407684,-1.2156922817230225,1.2223905324935913
5.136916917999997,-0.21270935237407684,-1.2156922817230225,1.2223905324935913
5.2002759859999514,-0.21270935237407684,-1.2156922817230225,1.2223905324935913
5.295536618999904,-0.21270935237407684,-1.2156922817230225,1.2223905324935913
5.332979977999912,-0.21270935237407684,-1.2156922817230225,1.2223905324935913
5.409441617999846,-0.21270935237407684,-1.2156922817230225,1.2223905324935913
5.500100862999943,-0.21270935237407684,-1.2151070833206177,1.218364953994751
5.583789792000061,-0.21270935237407684,-1.2151070833206177,1.218364953994751
5.635556916000041,-0.21270935237407684,-1.2151070833206177,1.218364953994751
5.683537973000057,-0.21270935237407684,-1.2151070833206177,1.218364953994751
5.7460741689999395,-0.21270935237407684,-1.2151070833206177,1.218364953994751
5.821471165000048,-0.21270935237407684,-1.2151070833206177,1.218364953994751
5.885247179999851,-0.21270935237407684,-1.2151070833206177,1.218364953994751
5.9260392229998615,-0.21270935237407684,-1.2151070833206177,1.218364953994751
6.0026786829998855,-0.21270935237407684,-1.2151070833206177,1.218364953994751
6.083418894000033,-0.21270935237407684,-1.2151070833206177,1.218364953994751
6.133695585999931,-0.21270935237407684,-1.2151070833206177,1.218364953994751
6.217259826999907,-0.21270935237407684,-1.2151070833206177,1.218364953994751
6.261145991999911,-0.21270935237407684,-1.2151070833206177,1.218364953994751
6.353157223999915,-0.21270935237407684,-1.2151070833206177,1.218364953994751
6.405252878000056,-0.21270935237407684,-1.2151070833206177,1.218364953994751
6.47972844800006,-0.21270935237407684,-1.2151070833206177,1.218364953994751
6.525173599000027,-0.21270935237407684,-1.2151070833206177,1.218364953994751
6.594051162999904,-0.21270935237407684,-1.2151070833206177,1.218364953994751
6.663170193000042,-0.21270935237407684,-1.2151070833206177,1.218364953994751
6.761224430999846,-0.21270935237407684,-1.2151070833206177,1.218364953994751
6.828809910000018,-0.21270935237407684,-1.2151070833206177,1.218364953994751
6.882799673999898,-0.21270935237407684,-1.2151070833206177,1.218364953994751
6.961613166999996,-0.21270935237407684,-1.2151070833206177,1.218364953994751
7.0010151930000575,-0.21270935237407684,-1.2151070833206177,1.218364953994751
7.069190943999956,-0.21270935237407684,-1.2151070833206177,1.218364953994751
7.1457876519998536,-0.21270935237407684,-1.2151070833206177,1.218364953994751
7.205625261000023,-0.21270935237407684,-1.2151070833206177,1.218364953994751
7.256396104000032,-0.21270935237407684,-1.2151070833206177,1.218364953994751
7.336738625999942,-0.21270935237407684,-1.2151070833206177,1.218364953994751
7.411599774000024,-0.21270935237407684,-1.2151070833206177,1.218364953994751
7.524410047999936,-0.21415214240550995,-1.2174372673034668,1.5707963705062866
7.607632580999962,-0.21415214240550995,-1.2174372673034668,1.5707963705062866
7.639094306000061,-0.21415214240550995,-1.2174372673034668,1.5707963705062866
7.705063449999898,-0.21415214240550995,-1.2174372673034668,1.5707963705062866
7.738615536999987,-0.21415214240550995,-1.2174372673034668,1.5707963705062866
7.804547544999878,-0.21415214240550995,-1.2174372673034668,1.5707963705062866
7.883539790999976,-0.21415214240550995,-1.2174372673034668,1.5707963705062866
7.931737091000059,-0.21415214240550995,-1.2174372673034668,1.5707963705062866
8.418019987999969,-0.21415214240550995,-1.2174372673034668,1.5707963705062866
8.473835050999924,-0.21415214240550995,-1.2174372673034668,1.5707963705062866
8.522249228999954,-0.21415214240550995,-1.2174372673034668,1.5707963705062866
8.565074447999905,-0.21415214240550995,-1.2174372673034668,1.5707963705062866
8.607731193000063,-0.21415214240550995,-1.2174372673034668,1.5707963705062866
8.661906715999976,-0.21415214240550995,-1.2174372673034668,1.5707963705062866
8.701186062000033,-0.21415214240550995,-1.2174372673034668,1.5707963705062866
8.73987335799984,-0.21415214240550995,-1.2174372673034668,1.5707963705062866
8.787856969999893,-0.21415214240550995,-1.2174372673034668,1.5707963705062866
8.833723275000011,-0.21415214240550995,-1.2174372673034668,1.5707963705062866
8.875921887000004,-0.21415214240550995,-1.2174372673034668,1.5707963705062866
8.924724740999864,-0.21415214240550995,-1.2174372673034668,1.5707963705062866
9.02250342100001,-0.21415214240550995,-1.2174372673034668,1.5707963705062866
9.096755314999882,-0.21415214240550995,-1.2174372673034668,1.5707963705062866
9.145081096000013,-0.21415214240550995,-1.2174372673034668,1.5707963705062866
9.221234190999894,-0.21415214240550995,-1.2174372673034668,1.5707963705062866
9.29028490199994,-0.21415214240550995,-1.2174372673034668,1.5707963705062866
9.327597825999874,-0.21415214240550995,-1.2174372673034668,1.5707963705062866
9.396446519999927,-0.21415214240550995,-1.2174372673034668,1.5707963705062866
9.537199257999873,-0.21367247402668,-1.216849684715271,1.5772637128829956
9.617944233999879,-0.21367247402668,-1.216849684715271,1.5772637128829956
9.695983902999842,-0.21367247402668,-1.216849684715271,1.5772637128829956
9.739030904999936,-0.21367247402668,-1.216849684715271,1.5772637128829956
9.780218530999946,-0.21367247402668,-1.216849684715271,1.5772637128829956
9.809329891000061,-0.21367247402668,-1.216849684715271,1.5772637128829956
9.887816134999866,-0.21367247402668,-1.216849684715271,1.5772637128829956
9.945182916000022,-0.21367247402668,-1.216849684715271,1.5772637128829956
9.999456880000025,-0.21367247402668,-1.216849684715271,1.5772637128829956
10.080260616000032,-0.21367247402668,-1.216849684715271,1.5772637128829956
10.144328763999965,-0.21367247402668,-1.216849684715271,1.5772637128829956
10.193025232999844,-0.21367247402668,-1.216849684715271,1.5772637128829956
10.260286437999866,-0.21367247402668,-1.216849684715271,1.5772637128829956
10.325213802000007,-0.21367247402668,-1.216849684715271,1.5772637128829956
10.417061213999887,-0.21367247402668,-1.216849684715271,1.5772637128829956
10.47348384299994,-0.21367247402668,-1.216849684715271,1.5772637128829956
10.545880329000056,-0.21367247402668,-1.216849684715271,1.5772637128829956
10.605939970999998,-0.21367247402668,-1.216849684715271,1.5772637128829956
10.677683072000036,-0.21367247402668,-1.216849684715271,1.5772637128829956
10.725375144000054,-0.21367247402668,-1.216849684715271,1.5772637128829956
10.806464241999947,-0.21367247402668,-1.216849684715271,1.5772637128829956
10.878663863999918,-0.21367247402668,-1.216849684715271,1.5772637128829956
10.949870852000004,-0.21367247402668,-1.216849684715271,1.5772637128829956
11.013138154999979,-0.21367247402668,-1.216849684715271,1.5772637128829956
11.06652032299985,-0.21367247402668,-1.216849684715271,1.5772637128829956
11.128541828999914,-0.21367247402668,-1.216849684715271,1.5772637128829956
11.202649457999996,-0.21367247402668,-1.216849684715271,1.5772637128829956
11.259940307999841,-0.21367247402668,-1.216849684715271,1.5772637128829956
11.325068604999842,-0.21367247402668,-1.216849684715271,1.5772637128829956
11.425098944999945,-0.21367247402668,-1.216849684715271,1.5772637128829956
11.481232687999864,-0.2131890058517456,-1.2233203649520874,1.6972410678863525
11.524987863999968,-0.2131890058517456,-1.2233203649520874,1.6972410678863525
11.60413091800001,-0.2131890058517456,-1.2233203649520874,1.6972410678863525
11.672055787999852,-0.2131890058517456,-1.2233203649520874,1.6972410678863525
11.72671632599986,-0.2131890058517456,-1.2233203649520874,1.6972410678863525
11.793058367999947,-0.2131890058517456,-1.2233203649520874,1.6972410678863525
11.877240153000002,-0.2131890058517456,-1.2233203649520874,1.6972410678863525
11.933843497999987,-0.2131890058517456,-1.2233203649520874,1.6972410678863525
11.991230932000008,-0.2131890058517456,-1.2233203649520874,1.6972410678863525
12.050950595999893,-0.2131890058517456,-1.2233203649520874,1.6972410678863525
12.121635120000064,-0.2131890058517456,-1.2233203649520874,1.6972410678863525
12.187493219999851,-0.2131890058517456,-1.2233203649520874,1.6972410678863525
12.254984939999986,-0.2131890058517456,-1.2233203649520874,1.6972410678863525
12.32522288999985,-0.2131890058517456,-1.2233203649520874,1.6972410678863525
12.423226610000029,-0.2131890058517456,-1.2233203649520874,1.6972410678863525
12.476032429000043,-0.2131890058517456,-1.2233203649520874,1.6972410678863525
12.527646489000063,-0.2131890058517456,-1.2233203649520874,1.6972410678863525
12.581766781999931,-0.2131890058517456,-1.2233203649520874,1.6972410678863525
12.645028850000017,-0.2131890058517456,-1.2233203649520874,1.6972410678863525
12.725106680999943,-0.2131890058517456,-1.2233203649520874,1.6972410678863525
12.793715495000015,-0.2131890058517456,-1.2233203649520874,1.6972410678863525
12.902002779999975,-0.2131890058517456,-1.2233203649520874,1.6972410678863525
13.362894037999922,-0.2131890058517456,-1.2233203649520874,1.6972410678863525
13.398022196000056,-0.2131890058517456,-1.2233203649520874,1.6972410678863525
13.437576128000046,-0.2131890058517456,-1.2233203649520874,1.6972410678863525
13.489473738000015,-0.2131890058517456,-1.2233220338821411,1.7710658311843872
13.557096885999954,-0.2131890058517456,-1.2233220338821411,1.7710658311843872
13.622914281000021,-0.2131890058517456,-1.2233220338821411,1.7710658311843872
13.688134327999933,-0.2131890058517456,-1.2233220338821411,1.7710658311843872
13.756733510999993,-0.2131890058517456,-1.2233220338821411,1.7710658311843872
13.839977319999889,-0.2131890058517456,-1.2233220338821411,1.7710658311843872
13.87862462399994,-0.2131890058517456,-1.2233220338821411,1.7710658311843872
13.941127593999909,-0.2131890058517456,-1.2233220338821411,1.7710658311843872
13.9998306519999,-0.2131890058517456,-1.2233220338821411,1.7710658311843872
14.037545840999883,-0.2131890058517456,-1.2233220338821411,1.7710658311843872
14.075154301999873,-0.2131890058517456,-1.2233220338821411,1.7710658311843872
14.117071684999928,-0.2131890058517456,-1.2233220338821411,1.7710658311843872
14.157149631000038,-0.2131890058517456,-1.2233220338821411,1.7710658311843872
14.199770544999865,-0.2131890058517456,-1.2233220338821411,1.7710658311843872
14.244097992999968,-0.2131890058517456,-1.2233220338821411,1.7710658311843872
14.326877546999867,-0.2131890058517456,-1.2233220338821411,1.7710658311843872
14.389345122999885,-0.2131890058517456,-1.2233220338821411,1.7710658311843872
14.448289255999953,-0.2131890058517456,-1.2233220338821411,1.7710658311843872
14.521631681999907,-0.2131890058517456,-1.2233220338821411,1.7710658311843872
14.57975826300003,-0.2131890058517456,-1.2233220338821411,1.7710658311843872
14.655270655999857,-0.2131890058517456,-1.2233220338821411,1.7710658311843872
14.729074139999966,-0.2131890058517456,-1.2233220338821411,1.7710658311843872
14.788056008000012,-0.2131890058517456,-1.2233220338821411,1.7710658311843872
14.879197644999977,-0.2131890058517456,-1.2233220338821411,1.7710658311843872
14.929352938999955,-0.2131890058517456,-1.2233220338821411,1.7710658311843872
14.995133197999849,-0.2131890058517456,-1.2233220338821411,1.7710658311843872
15.047495108000021,-0.2131890058517456,-1.2233220338821411,1.7710658311843872
15.123417580000023,-0.2131890058517456,-1.2233220338821411,1.7710658311843872
15.19145920599999,-0.2131890058517456,-1.2233220338821411,1.7710658311843872
15.25276596699996,-0.2131890058517456,-1.2233220338821411,1.7710658311843872
15.304263421999849,-0.2131890058517456,-1.2233220338821411,1.7710658311843872
15.393021696999995,-0.2131890058517456,-1.2233220338821411,1.7710658311843872
15.449681198999997,-0.2131890058517456,-1.2233220338821411,1.7710658311843872
15.525089323999964,-0.2127074897289276,-1.2244994640350342,1.8268790245056152
15.644809892000012,-0.2127074897289276,-1.2244994640350342,1.8268790245056152
15.729212497999924,-0.2127074897289276,-1.2244994640350342,1.8268790245056152
15.775406166000039,-0.2127074897289276,-1.2244994640350342,1.8268790245056152
15.81319528899985,-0.2127074897289276,-1.2244994640350342,1.8268790245056152
15.873061624000002,-0.2127074897289276,-1.2244994640350342,1.8268790245056152
15.927304698999933,-0.2127074897289276,-1.2244994640350342,1.8268790245056152
15.979689048999944,-0.2127074897289276,-1.2244994640350342,1.8268790245056152
16.0585435779999,-0.2127074897289276,-1.2244994640350342,1.8268790245056152
16.116309926999975,-0.2127074897289276,-1.2244994640350342,1.8268790245056152
16.18046548999996,-0.2127074897289276,-1.2244994640350342,1.8268790245056152
16.245529014999875,-0.2127074897289276,-1.2244994640350342,1.8268790245056152
16.320527411000057,-0.2127074897289276,-1.2244994640350342,1.8268790245056152
16.389097523999908,-0.2127074897289276,-1.2244994640350342,1.8268790245056152
16.461560917000043,-0.2127074897289276,-1.2244994640350342,1.8268790245056152
16.521124077999957,-0.2127074897289276,-1.2244994640350342,1.8268790245056152
16.593089156999895,-0.2127074897289276,-1.2244994640350342,1.8268790245056152
16.639744141999927,-0.2127074897289276,-1.2244994640350342,1.8268790245056152
16.713111165999862,-0.2127074897289276,-1.2244994640350342,1.8268790245056152
16.811462593999977,-0.2127074897289276,-1.2244994640350342,1.8268790245056152
16.88386147999995,-0.2127074897289276,-1.2244994640350342,1.8268790245056152
16.939435021999998,-0.2127074897289276,-1.2244994640350342,1.8268790245056152
16.989252158,-0.2127074897289276,-1.2244994640350342,1.8268790245056152
17.05419924800003,-0.2127074897289276,-1.2244994640350342,1.8268790245056152
17.128435252999907,-0.2127074897289276,-1.2244994640350342,1.8268790245056152
17.17988132000005,-0.2127074897289276,-1.2244994640350342,1.8268790245056152
17.24026359200002,-0.2127074897289276,-1.2244994640350342,1.8268790245056152
17.321419895999952,-0.2127074897289276,-1.2244994640350342,1.8268790245056152
17.37730425199993,-0.2127074897289276,-1.2244994640350342,1.8268790245056152
17.439507413,-0.2127074897289276,-1.2244994640350342,1.8268790245056152
17.509163251000018,-0.2127074897289276,-1.2244994640350342,1.8268790245056152
17.597696585999984,-0.21462468802928925,-1.2227550745010376,2.0274605751037598
17.673786670000027,-0.21462468802928925,-1.2227550745010376,2.0274605751037598
17.73605700500002,-0.21462468802928925,-1.2227550745010376,2.0274605751037598
17.797810735999974,-0.21462468802928925,-1.2227550745010376,2.0274605751037598
17.85686477199988,-0.21462468802928925,-1.2227550745010376,2.0274605751037598
17.90197270999988,-0.21462468802928925,-1.2227550745010376,2.0274605751037598
18.40317211699994,-0.21462468802928925,-1.2227550745010376,2.0274605751037598
18.45936983699994,-0.21462468802928925,-1.2227550745010376,2.0274605751037598
18.504829157999893,-0.21462468802928925,-1.2227550745010376,2.0274605751037598
18.537700690000065,-0.21462468802928925,-1.2227550745010376,2.0274605751037598
18.58362810199992,-0.21462468802928925,-1.2227550745010376,2.0274605751037598
18.657090101999984,-0.21462468802928925,-1.2227550745010376,2.0274605751037598
18.694527623999875,-0.21462468802928925,-1.2227550745010376,2.0274605751037598
18.780618962000062,-0.21462468802928925,-1.2227550745010376,2.0274605751037598
18.827148306000026,-0.21462468802928925,-1.2227550745010376,2.0274605751037598
18.861772470999995,-0.21462468802928925,-1.2227550745010376,2.0274605751037598
18.92900500199994,-0.21462468802928925,-1.2227550745010376,2.0274605751037598
18.961066530999915,-0.21462468802928925,-1.2227550745010376,2.0274605751037598
19.018176971999992,-0.21462468802928925,-1.2227550745010376,2.0274605751037598
19.073929128999907,-0.21462468802928925,-1.2227550745010376,2.0274605751037598
19.106901807999975,-0.21462468802928925,-1.2227550745010376,2.0274605751037598
19.195954422999876,-0.21462468802928925,-1.2227550745010376,2.0274605751037598
19.24916168200002,-0.21462468802928925,-1.2227550745010376,2.0274605751037598
19.33900315400001,-0.21462468802928925,-1.2227550745010376,2.0274605751037598
19.386917411000013,-0.21462468802928925,-1.2227550745010376,2.0274605751037598
19.46570053100004,-0.21462468802928925,-1.2227550745010376,2.0274605751037598
19.514876903999948,-0.21462468802928925,-1.2227550745010376,2.0274605751037598
19.588141566999866,-0.21318204700946808,-1.2245187759399414,2.0386571884155273
19.661336384999913,-0.21318204700946808,-1.2245187759399414,2.0386571884155273
19.739269622999927,-0.21318204700946808,-1.2245187759399414,2.0386571884155273
19.802408300000025,-0.21318204700946808,-1.2245187759399414,2.0386571884155273
19.848929281999972,-0.21318204700946808,-1.2245187759399414,2.0386571884155273
19.92785298600006,-0.21318204700946808,-1.2245187759399414,2.0386571884155273
19.982089137999992,-0.21318204700946808,-1.2245187759399414,2.0386571884155273
20.03371024399985,-0.21318204700946808,-1.2245187759399414,2.0386571884155273
20.10512783199988,-0.21318204700946808,-1.2245187759399414,2.0386571884155273
20.167540774999907,-0.21318204700946808,-1.2245187759399414,2.0386571884155273
20.239645391000067,-0.21318204700946808,-1.2245187759399414,2.0386571884155273
20.313183479999907,-0.21318204700946808,-1.2245187759399414,2.0386571884155273
20.373688901999913,-0.21318204700946808,-1.2245187759399414,2.0386571884155273
20.44103863700002,-0.21318204700946808,-1.2245187759399414,2.0386571884155273
20.505498570999862,-0.21318204700946808,-1.2245187759399414,2.0386571884155273
20.594026233000022,-0.21318204700946808,-1.2245187759399414,2.0386571884155273
20.63098408399992,-0.21318204700946808,-1.2245187759399414,2.0386571884155273
20.709172782999985,-0.21318204700946808,-1.2245187759399414,2.0386571884155273
20.79138878699996,-0.21318204700946808,-1.2245187759399414,2.0386571884155273
20.858896231000017,-0.21318204700946808,-1.2245187759399414,2.0386571884155273
20.939307234999887,-0.21318204700946808,-1.2245187759399414,2.0386571884155273
20.993121811000037,-0.21318204700946808,-1.2245187759399414,2.0386571884155273
21.0567824929999,-0.21318204700946808,-1.2245187759399414,2.0386571884155273
21.113045000000056,-0.21318204700946808,-1.2245187759399414,2.0386571884155273
21.161352922999868,-0.21318204700946808,-1.2245187759399414,2.0386571884155273
21.23014230700005,-0.21318204700946808,-1.2245187759399414,2.0386571884155273
21.30415135499993,-0.21318204700946808,-1.2245187759399414,2.0386571884155273
21.393151610999894,-0.21318204700946808,-1.2245187759399414,2.0386571884155273
21.457638010999972,-0.21318204700946808,-1.2245187759399414,2.0386571884155273
21.495362529999966,-0.21318204700946808,-1.2245187759399414,2.0386571884155273
21.58167159300001,-0.2122209072113037,-1.2262879610061646,2.050220489501953
21.660682371999883,-0.2122209072113037,-1.2262879610061646,2.050220489501953
21.71902165000006,-0.2122209072113037,-1.2262879610061646,2.050220489501953
21.816837163999935,-0.2122209072113037,-1.2262879610061646,2.050220489501953
21.853352608000023,-0.2122209072113037,-1.2262879610061646,2.050220489501953
21.925128703999917,-0.2122209072113037,-1.2262879610061646,2.050220489501953
21.978463969999893,-0.2122209072113037,-1.2262879610061646,2.050220489501953
22.05747137100002,-0.2122209072113037,-1.2262879610061646,2.050220489501953
22.095628433,-0.2122209072113037,-1.2262879610061646,2.050220489501953
22.173334089000036,-0.2122209072113037,-1.2262879610061646,2.050220489501953
22.23736972400002,-0.2122209072113037,-1.2262879610061646,2.050220489501953
22.300982993999924,-0.2122209072113037,-1.2262879610061646,2.050220489501953
22.368438662000017,-0.2122209072113037,-1.2262879610061646,2.050220489501953
22.441824214000007,-0.2122209072113037,-1.2262879610061646,2.050220489501953
22.509490669999877,-0.2122209072113037,-1.2262879610061646,2.050220489501953
22.582734616999915,-0.2122209072113037,-1.2262879610061646,2.050220489501953
22.639737869999863,-0.2122209072113037,-1.2262879610061646,2.050220489501953
22.71325012500006,-0.2122209072113037,-1.2262879610061646,2.050220489501953
22.786997574999987,-0.2122209072113037,-1.2262879610061646,2.050220489501953
22.858563301999993,-0.2122209072113037,-1.2262879610061646,2.050220489501953
22.901549724000006,-0.2122209072113037,-1.2262879610061646,2.050220489501953
23.40304448200004,-0.2122209072113037,-1.2262879610061646,2.050220489501953
23.445952542999976,-0.2122209072113037,-1.2262879610061646,2.050220489501953
23.486504698999852,-0.2122209072113037,-1.2262879610061646,2.050220489501953
23.54381440599991,-0.2122209072113037,-1.2262879610061646,2.050220489501953
23.608886502999894,-0.20932942628860474,-1.2310409545898438,2.3523387908935547
23.671321447999844,-0.20932942628860474,-1.2310409545898438,2.3523387908935547
23.73723736099987,-0.20932942628860474,-1.2310409545898438,2.3523387908935547
23.803897292999864,-0.20932942628860474,-1.2310409545898438,2.3523387908935547
23.865536412999973,-0.20932942628860474,-1.2310409545898438,2.3523387908935547
23.917128284,-0.20932942628860474,-1.2310409545898438,2.3523387908935547
23.96135500199989,-0.20932942628860474,-1.2310409545898438,2.3523387908935547
24.010684383999887,-0.20932942628860474,-1.2310409545898438,2.3523387908935547
24.05621177299986,-0.20932942628860474,-1.2310409545898438,2.3523387908935547
24.117108102999964,-0.20932942628860474,-1.2310409545898438,2.3523387908935547
24.159275411999943,-0.20932942628860474,-1.2310409545898438,2.3523387908935547
24.203263179000032,-0.20932942628860474,-1.2310409545898438,2.3523387908935547
24.257061629999953,-0.20932942628860474,-1.2310409545898438,2.3523387908935547
24.294217920999927,-0.20932942628860474,-1.2310409545898438,2.3523387908935547
24.362810617999912,-0.20932942628860474,-1.2310409545898438,2.3523387908935547
24.439103065999916,-0.20932942628860474,-1.2310409545898438,2.3523387908935547
24.507199579999906,-0.20932942628860474,-1.2310409545898438,2.3523387908935547
24.593146328999865,-0.20932942628860474,-1.2310409545898438,2.3523387908935547
24.63528509899993,-0.20932942628860474,-1.2310409545898438,2.3523387908935547
24.71782525399999,-0.20932942628860474,-1.2310409545898438,2.3523387908935547
24.78906478199997,-0.20932942628860474,-1.2310409545898438,2.3523387908935547
24.86708110299992,-0.20932942628860474,-1.2310409545898438,2.3523387908935547
24.925317145000008,-0.20932942628860474,-1.2310409545898438,2.3523387908935547
24.982429757999853,-0.20932942628860474,-1.2310409545898438,2.3523387908935547
25.033587274999945,-0.20932942628860474,-1.2310409545898438,2.3523387908935547
25.08876132699993,-0.20932942628860474,-1.2310409545898438,2.3523387908935547
25.16115064099995,-0.20932942628860474,-1.2310409545898438,2.3523387908935547
25.243700784999874,-0.20932942628860474,-1.2310409545898438,2.3523387908935547
25.29449904299986,-0.20932942628860474,-1.2310409545898438,2.3523387908935547
25.362502188999997,-0.20932942628860474,-1.2310409545898438,2.3523387908935547
25.45188850699992,-0.20932942628860474,-1.2310409545898438,2.3523387908935547
25.502915441999903,-0.20932942628860474,-1.2310409545898438,2.3523387908935547
25.585635963999948,-0.20932942628860474,-1.2310409545898438,2.3523387908935547
25.641101520999882,-0.20884960889816284,-1.231627345085144,2.334528684616089
25.72135080599992,-0.20884960889816284,-1.231627345085144,2.334528684616089
25.814004038999883,-0.20884960889816284,-1.231627345085144,2.334528684616089
25.883983272000023,-0.20884960889816284,-1.231627345085144,2.334528684616089
25.920616121999956,-0.20884960889816284,-1.231627345085144,2.334528684616089
25.97239922299991,-0.20884960889816284,-1.231627345085144,2.334528684616089
26.041084828000066,-0.20884960889816284,-1.231627345085144,2.334528684616089
26.08685439199985,-0.20884960889816284,-1.231627345085144,2.334528684616089
26.156158305999952,-0.20884960889816284,-1.231627345085144,2.334528684616089
26.221160763999933,-0.20884960889816284,-1.231627345085144,2.334528684616089
26.29205682099996,-0.20884960889816284,-1.231627345085144,2.334528684616089
26.35913201099993,-0.20884960889816284,-1.231627345085144,2.334528684616089
26.415416751000066,-0.20884960889816284,-1.231627345085144,2.334528684616089
26.51411360599991,-0.20884960889816284,-1.231627345085144,2.334528684616089
26.57352124299996,-0.20884960889816284,-1.231627345085144,2.334528684616089
26.657070026999918,-0.20884960889816284,-1.231627345085144,2.334528684616089
26.70764568000004,-0.20884960889816284,-1.231627345085144,2.334528684616089
26.753119511000023,-0.20884960889816284,-1.231627345085144,2.334528684616089
26.840072587999884,-0.20884960889816284,-1.231627345085144,2.334528684616089
26.91458800500004,-0.20884960889816284,-1.231627345085144,2.334528684616089
26.956713863000004,-0.20884960889816284,-1.231627345085144,2.334528684616089
27.02006594999989,-0.20884960889816284,-1.231627345085144,2.334528684616089
27.09560240199994,-0.20884960889816284,-1.231627345085144,2.334528684616089
27.182000844999948,-0.20884960889816284,-1.231627345085144,2.334528684616089
27.232458837999957,-0.20884960889816284,-1.231627345085144,2.334528684616089
27.29346452499999,-0.20884960889816284,-1.231627345085144,2.334528684616089
27.35225775999993,-0.20884960889816284,-1.231627345085144,2.334528684616089
27.439346988999887,-0.20884960889816284,-1.231627345085144,2.334528684616089
27.52456869799994,-0.20884960889816284,-1.231627345085144,2.334528684616089
27.585668881999936,-0.20884960889816284,-1.231627345085144,2.334528684616089
27.653241565999906,-0.2064458578824997,-1.2339961528778076,2.4688048362731934
27.74042458400004,-0.2064458578824997,-1.2339961528778076,2.4688048362731934
27.787531639999997,-0.2064458578824997,-1.2339961528778076,2.4688048362731934
27.881731011000056,-0.2064458578824997,-1.2339961528778076,2.4688048362731934
27.933591010999862,-0.2064458578824997,-1.2339961528778076,2.4688048362731934
28.374024338000027,-0.2064458578824997,-1.2339961528778076,2.4688048362731934
28.407698684000025,-0.2064458578824997,-1.2339961528778076,2.4688048362731934
28.44924069700005,-0.2064458578824997,-1.2339961528778076,2.4688048362731934
28.504664303000027,-0.2064458578824997,-1.2339961528778076,2.4688048362731934
28.555958709999913,-0.2064458578824997,-1.2339961528778076,2.4688048362731934
28.645190013000047,-0.2064458578824997,-1.2339961528778076,2.4688048362731934
28.695105611999907,-0.2064458578824997,-1.2339961528778076,2.4688048362731934
28.731485568999915,-0.2064458578824997,-1.2339961528778076,2.4688048362731934
28.765472845999966,-0.2064458578824997,-1.2339961528778076,2.4688048362731934
28.801305434999904,-0.2064458578824997,-1.2339961528778076,2.4688048362731934
28.840148405000036,-0.2064458578824997,-1.2339961528778076,2.4688048362731934
28.8851627439999,-0.2064458578824997,-1.2339961528778076,2.4688048362731934
28.948365643999978,-0.2064458578824997,-1.2339961528778076,2.4688048362731934
29.031804650999902,-0.2064458578824997,-1.2339961528778076,2.4688048362731934
29.090228778999972,-0.2064458578824997,-1.2339961528778076,2.4688048362731934
29.160390944000028,-0.2064458578824997,-1.2339961528778076,2.4688048362731934
29.21979089499996,-0.2064458578824997,-1.2339961528778076,2.4688048362731934
29.2881651539999,-0.2064458578824997,-1.2339961528778076,2.4688048362731934
29.379479601999947,-0.2064458578824997,-1.2339961528778076,2.4688048362731934
29.449109562999865,-0.2064458578824997,-1.2339961528778076,2.4688048362731934
29.53164754799991,-0.2064458578824997,-1.2339961528778076,2.4688048362731934
29.567028806000053,-0.2064458578824997,-1.2339961528778076,2.4688048362731934
29.625547523000023,-0.20836147665977478,-1.232254147529602,2.641233205795288
29.73327895500006,-0.20836147665977478,-1.232254147529602,2.641233205795288
29.79316173699999,-0.20836147665977478,-1.232254147529602,2.641233205795288
29.858924743999978,-0.20836147665977478,-1.232254147529602,2.641233205795288
29.934575872999858,-0.20836147665977478,-1.232254147529602,2.641233205795288
29.97311081199996,-0.20836147665977478,-1.232254147529602,2.641233205795288
30.029057189000014,-0.20836147665977478,-1.232254147529602,2.641233205795288
30.10917597899993,-0.20836147665977478,-1.232254147529602,2.641233205795288
30.1817857179999,-0.20836147665977478,-1.232254147529602,2.641233205795288
30.237093392999896,-0.20836147665977478,-1.232254147529602,2.641233205795288
30.292591464999987,-0.20836147665977478,-1.232254147529602,2.641233205795288
30.3516472419999,-0.20836147665977478,-1.232254147529602,2.641233205795288
30.41278790499996,-0.20836147665977478,-1.232254147529602,2.641233205795288
30.478790460000027,-0.20836147665977478,-1.232254147529602,2.641233205795288
30.55711384999995,-0.20836147665977478,-1.232254147529602,2.641233205795288
30.66835175999995,-0.20836147665977478,-1.232254147529602,2.641233205795288
30.715410784999904,-0.20836147665977478,-1.232254147529602,2.641233205795288
30.76109475599992,-0.20836147665977478,-1.232254147529602,2.641233205795288
30.835677114999953,-0.20836147665977478,-1.232254147529602,2.641233205795288
30.891844641000034,-0.20836147665977478,-1.232254147529602,2.641233205795288
30.963352201999896,-0.20836147665977478,-1.232254147529602,2.641233205795288
31.039780961999895,-0.20836147665977478,-1.232254147529602,2.641233205795288
31.116728909999892,-0.20836147665977478,-1.232254147529602,2.641233205795288
31.160189187000014,-0.20836147665977478,-1.232254147529602,2.641233205795288
31.222318932999997,-0.20836147665977478,-1.232254147529602,2.641233205795288
31.29034159999992,-0.20836147665977478,-1.232254147529602,2.641233205795288
31.356100882999954,-0.20836147665977478,-1.232254147529602,2.641233205795288
31.41855940100004,-0.20836147665977478,-1.232254147529602,2.641233205795288
31.505241764999937,-0.20836147665977478,-1.232254147529602,2.641233205795288
31.562280398999974,-0.20836147665977478,-1.232254147529602,2.641233205795288
31.63625319799985,-0.20836147665977478,-1.232254147529602,2.641233205795288
31.681025553999916,-0.20739993453025818,-1.2328490018844604,2.679452419281006
31.775524661999953,-0.20739993453025818,-1.2328490018844604,2.679452419281006
31.837052708999863,-0.20739993453025818,-1.2328490018844604,2.679452419281006
31.925060321000046,-0.20739993453025818,-1.2328490018844604,2.679452419281006
31.981667789999847,-0.20739993453025818,-1.2328490018844604,2.679452419281006
32.03144698300002,-0.20739993453025818,-1.2328490018844604,2.679452419281006
32.092803731000004,-0.20739993453025818,-1.2328490018844604,2.679452419281006
32.157360675000064,-0.20739993453025818,-1.2328490018844604,2.679452419281006
32.223032002999844,-0.20739993453025818,-1.2328490018844604,2.679452419281006
32.282810820999885,-0.20739993453025818,-1.2328490018844604,2.679452419281006
32.34593985699985,-0.20739993453025818,-1.2328490018844604,2.679452419281006
32.40979005200006,-0.20739993453025818,-1.2328490018844604,2.679452419281006
32.48424124899998,-0.20739993453025818,-1.2328490018844604,2.679452419281006
32.55705289699995,-0.20739993453025818,-1.2328490018844604,2.679452419281006
32.623253517999956,-0.20739993453025818,-1.2328490018844604,2.679452419281006
32.68918210499987,-0.20739993453025818,-1.2328490018844604,2.679452419281006
32.75710773900005,-0.20739993453025818,-1.2328490018844604,2.679452419281006
32.83513505199994,-0.20739993453025818,-1.2328490018844604,2.679452419281006
32.89481684599991,-0.20739993453025818,-1.2328490018844604,2.679452419281006
32.95272390299988,-0.20739993453025818,-1.2328490018844604,2.679452419281006
33.37741214599987,-0.20739993453025818,-1.2328490018844604,2.679452419281006
33.42556140600004,-0.20739993453025818,-1.2328490018844604,2.679452419281006
33.4768452159999,-0.20739993453025818,-1.2328490018844604,2.679452419281006
33.529820183999846,-0.20739993453025818,-1.2328490018844604,2.679452419281006
33.60107072000005,-0.20739993453025818,-1.2328490018844604,2.679452419281006
33.65275397999994,-0.20739993453025818,-1.2328490018844604,2.679452419281006
33.70840301699991,-0.2088368982076645,-1.2334641218185425,2.9936625957489014
33.782890166000016,-0.2088368982076645,-1.2334641218185425,2.9936625957489014
33.84509627800003,-0.2088368982076645,-1.2334641218185425,2.9936625957489014
33.89788634699994,-0.2088368982076645,-1.2334641218185425,2.9936625957489014
33.966068146,-0.2088368982076645,-1.2334641218185425,2.9936625957489014
34.041062667999995,-0.2088368982076645,-1.2334641218185425,2.9936625957489014
34.098322671000005,-0.2088368982076645,-1.2334641218185425,2.9936625957489014
34.14884006299985,-0.2088368982076645,-1.2334641218185425,2.9936625957489014
34.19820653199986,-0.2088368982076645,-1.2334641218185425,2.9936625957489014
34.23923257799993,-0.2088368982076645,-1.2334641218185425,2.9936625957489014
34.285136847999865,-0.2088368982076645,-1.2334641218185425,2.9936625957489014
34.33824043499999,-0.2088368982076645,-1.2334641218185425,2.9936625957489014
34.399520018999965,-0.2088368982076645,-1.2334641218185425,2.9936625957489014
34.43532818899985,-0.2088368982076645,-1.2334641218185425,2.9936625957489014
34.48342193899998,-0.2088368982076645,-1.2334641218185425,2.9936625957489014
34.56431552799995,-0.2088368982076645,-1.2334641218185425,2.9936625957489014
34.65399225099986,-0.2088368982076645,-1.2334641218185425,2.9936625957489014
34.74127607299988,-0.2088368982076645,-1.2334641218185425,2.9936625957489014
34.78752845700001,-0.2088368982076645,-1.2334641218185425,2.9936625957489014
34.84116807400005,-0.2088368982076645,-1.2334641218185425,2.9936625957489014
34.88183395500005,-0.2088368982076645,-1.2334641218185425,2.9936625957489014
34.938272521000044,-0.2088368982076645,-1.2334641218185425,2.9936625957489014
35.009383998999965,-0.2088368982076645,-1.2334641218185425,2.9936625957489014
35.07044568699985,-0.2088368982076645,-1.2334641218185425,2.9936625957489014
35.144100266999885,-0.2088368982076645,-1.2334641218185425,2.9936625957489014
35.21753539899987,-0.2088368982076645,-1.2334641218185425,2.9936625957489014
35.26956838000001,-0.2088368982076645,-1.2334641218185425,2.9936625957489014
35.340815583999984,-0.2088368982076645,-1.2334641218185425,2.9936625957489014
35.42178693899996,-0.2088368982076645,-1.2334641218185425,2.9936625957489014
35.47771059599995,-0.2088368982076645,-1.2334641218185425,2.9936625957489014
35.55335779400002,-0.2088368982076645,-1.2334641218185425,2.9936625957489014
35.62509663499986,-0.2088368982076645,-1.2334641218185425,2.9936625957489014
35.693164271999876,-0.20931744575500488,-1.2328685522079468,2.976942539215088
35.80000215899986,-0.20931744575500488,-1.2328685522079468,2.976942539215088
35.869288679999954,-0.20931744575500488,-1.2328685522079468,2.976942539215088
35.94935581499999,-0.20931744575500488,-1.2328685522079468,2.976942539215088
35.99112053999988,-0.20931744575500488,-1.2328685522079468,2.976942539215088
36.03874530400003,-0.20931744575500488,-1.2328685522079468,2.976942539215088
36.09528667599989,-0.20931744575500488,-1.2328685522079468,2.976942539215088
36.13851950000003,-0.20931744575500488,-1.2328685522079468,2.976942539215088
36.23517975499999,-0.20931744575500488,-1.2328685522079468,2.976942539215088
36.270712411999966,-0.20931744575500488,-1.2328685522079468,2.976942539215088
36.34022508399994,-0.20931744575500488,-1.2328685522079468,2.976942539215088
36.407153090000065,-0.20931744575500488,-1.2328685522079468,2.976942539215088
36.471961728,-0.20931744575500488,-1.2328685522079468,2.976942539215088
36.56642672599992,-0.20931744575500488,-1.2328685522079468,2.976942539215088
36.61631743099997,-0.20931744575500488,-1.2328685522079468,2.976942539215088
36.68750836200002,-0.20931744575500488,-1.2328685522079468,2.976942539215088
36.76437725400001,-0.20931744575500488,-1.2328685522079468,2.976942539215088
36.802813367,-0.20931744575500488,-1.2328685522079468,2.976942539215088
36.87439704500002,-0.20931744575500488,-1.2328685522079468,2.976942539215088
36.951992150000024,-0.20931744575500488,-1.2328685522079468,2.976942539215088
37.01384072899987,-0.20931744575500488,-1.2328685522079468,2.976942539215088
37.07330534799985,-0.20931744575500488,-1.2328685522079468,2.976942539215088
37.13387670899988,-0.20931744575500488,-1.2328685522079468,2.976942539215088
37.20401075799987,-0.20931744575500488,-1.2328685522079468,2.976942539215088
37.26444129099991,-0.20931744575500488,-1.2328685522079468,2.976942539215088
37.33751064399985,-0.20931744575500488,-1.2328685522079468,2.976942539215088
37.419119034999994,-0.20931744575500488,-1.2328685522079468,2.976942539215088
37.491332819000036,-0.20931744575500488,-1.2328685522079468,2.976942539215088
37.55625047700005,-0.20931744575500488,-1.2328685522079468,2.976942539215088
37.620346346999895,-0.20931744575500488,-1.2328685522079468,2.976942539215088
37.67853125800002,-0.20931744575500488,-1.2328685522079468,2.976942539215088
37.740180122999845,-0.20835693180561066,-1.2334539890289307,2.957683563232422
37.83150364099993,-0.20835693180561066,-1.2334539890289307,2.957683563232422
37.88824916999988,-0.20835693180561066,-1.2334539890289307,2.957683563232422
37.95360738299996,-0.20835693180561066,-1.2334539890289307,2.957683563232422
38.42083559299999,-0.20835693180561066,-1.2334539890289307,2.957683563232422
38.47179027900006,-0.20835693180561066,-1.2334539890289307,2.957683563232422
38.557215864,-0.20835693180561066,-1.2334539890289307,2.957683563232422
38.59729734300004,-0.20835693180561066,-1.2334539890289307,2.957683563232422
38.65791489100002,-0.20835693180561066,-1.2334539890289307,2.957683563232422
38.696229067999866,-0.20835693180561066,-1.2334539890289307,2.957683563232422
38.753084469999976,-0.20835693180561066,-1.2334539890289307,2.957683563232422
38.80196767799998,-0.20835693180561066,-1.2334539890289307,2.957683563232422
38.84016035900004,-0.20835693180561066,-1.2334539890289307,2.957683563232422
38.887752970000065,-0.20835693180561066,-1.2334539890289307,2.957683563232422
38.93083654899988,-0.20835693180561066,-1.2334539890289307,2.957683563232422
38.97254156400004,-0.20835693180561066,-1.2334539890289307,2.957683563232422
39.03923883499988,-0.20835693180561066,-1.2334539890289307,2.957683563232422
39.10114066899996,-0.20835693180561066,-1.2334539890289307,2.957683563232422
39.1754361589999,-0.20835693180561066,-1.2334539890289307,2.957683563232422
39.241376344999935,-0.20835693180561066,-1.2334539890289307,2.957683563232422
39.296405341999844,-0.20835693180561066,-1.2334539890289307,2.957683563232422
39.34191021299989,-0.20835693180561066,-1.2334539890289307,2.957683563232422
39.415503182000066,-0.20835693180561066,-1.2334539890289307,2.957683563232422
39.47740278800006,-0.20835693180561066,-1.2334539890289307,2.957683563232422
39.56115752400001,-0.20835693180561066,-1.2334539890289307,2.957683563232422
39.636914454999896,-0.20835693180561066,-1.2334539890289307,2.957683563232422
39.73236127999985,-0.20835693180561066,-1.2334539890289307,2.957683563232422
39.80574894999995,-0.20163299143314362,-1.2346453666687012,-2.9610228538513184
39.87347163000004,-0.20163299143314362,-1.2346453666687012,-2.9610228538513184
39.95457970100006,-0.20163299143314362,-1.2346453666687012,-2.9610228538513184
40.01387769200005,-0.20163299143314362,-1.2346453666687012,-2.9610228538513184
40.07703913299997,-0.20163299143314362,-1.2346453666687012,-2.9610228538513184
40.113625186000036,-0.20163299143314362,-1.2346453666687012,-2.9610228538513184
40.17329201200005,-0.20163299143314362,-1.2346453666687012,-2.9610228538513184
40.22481308500005,-0.20163299143314362,-1.2346453666687012,-2.9610228538513184
40.29039244899991,-0.20163299143314362,-1.2346453666687012,-2.9610228538513184
40.349393405,-0.20163299143314362,-1.2346453666687012,-2.9610228538513184
40.428595104999886,-0.20163299143314362,-1.2346453666687012,-2.9610228538513184
40.47377151699993,-0.20163299143314362,-1.2346453666687012,-2.9610228538513184
40.56108049499994,-0.20163299143314362,-1.2346453666687012,-2.9610228538513184
40.61958843100001,-0.20163299143314362,-1.2346453666687012,-2.9610228538513184
40.67206784999985,-0.20163299143314362,-1.2346453666687012,-2.9610228538513184
40.749358210999844,-0.20163299143314362,-1.2346453666687012,-2.9610228538513184
40.805342939999946,-0.20163299143314362,-1.2346453666687012,-2.9610228538513184
40.88106474999995,-0.20163299143314362,-1.2346453666687012,-2.9610228538513184
40.94106385199984,-0.20163299143314362,-1.2346453666687012,-2.9610228538513184
41.00295611599995,-0.20163299143314362,-1.2346453666687012,-2.9610228538513184
41.07600672600006,-0.20163299143314362,-1.2346453666687012,-2.9610228538513184
41.156111694999936,-0.20163299143314362,-1.2346453666687012,-2.9610228538513184
41.21482641900002,-0.20163299143314362,-1.2346453666687012,-2.9610228538513184
41.26066036799989,-0.20163299143314362,-1.2346453666687012,-2.9610228538513184
41.34512377400006,-0.20163299143314362,-1.2346453666687012,-2.9610228538513184
41.39805292599999,-0.20163299143314362,-1.2346453666687012,-2.9610228538513184
41.46640509099984,-0.20163299143314362,-1.2346453666687012,-2.9610228538513184
41.5447635779999,-0.20163299143314362,-1.2346453666687012,-2.9610228538513184
41.61166685399985,-0.20163299143314362,-1.2346453666687012,-2.9610228538513184
41.66517474199986,-0.20163299143314362,-1.2346453666687012,-2.9610228538513184
41.745007704000045,-0.20163299143314362,-1.2346453666687012,-2.9610228538513184
41.81908846600004,-0.20115193724632263,-1.2340599298477173,-3.032048463821411
41.91389236500004,-0.20115193724632263,-1.2340599298477173,-3.032048463821411
41.97336885899995,-0.20115193724632263,-1.2340599298477173,-3.032048463821411
42.03714862900006,-0.20115193724632263,-1.2340599298477173,-3.032048463821411
42.0936026039999,-0.20115193724632263,-1.2340599298477173,-3.032048463821411
42.13309269299998,-0.20115193724632263,-1.2340599298477173,-3.032048463821411
42.18929501999992,-0.20115193724632263,-1.2340599298477173,-3.032048463821411
42.26062500099988,-0.20115193724632263,-1.2340599298477173,-3.032048463821411
42.337292800999876,-0.20115193724632263,-1.2340599298477173,-3.032048463821411
42.410795551999854,-0.20115193724632263,-1.2340599298477173,-3.032048463821411
42.45486647600001,-0.20115193724632263,-1.2340599298477173,-3.032048463821411
42.532347542000025,-0.20115193724632263,-1.2340599298477173,-3.032048463821411
42.60335032800003,-0.20115193724632263,-1.2340599298477173,-3.032048463821411
42.66836960599994,-0.20115193724632263,-1.2340599298477173,-3.032048463821411
42.7654707449999,-0.20115193724632263,-1.2340599298477173,-3.032048463821411
42.83558025599996,-0.20115193724632263,-1.2340599298477173,-3.032048463821411
42.89319776599996,-0.20115193724632263,-1.2340599298477173,-3.032048463821411
42.93996224800003,-0.20115193724632263,-1.2340599298477173,-3.032048463821411
43.412073813000006,-0.20115193724632263,-1.2340599298477173,-3.032048463821411
43.45672478100005,-0.20115193724632263,-1.2340599298477173,-3.032048463821411
43.510582785,-0.20115193724632263,-1.2340599298477173,-3.032048463821411
43.55231619699998,-0.20115193724632263,-1.2340599298477173,-3.032048463821411
43.62113445299997,-0.20115193724632263,-1.2340599298477173,-3.032048463821411
43.69122894499992,-0.20115193724632263,-1.2340599298477173,-3.032048463821411
43.73435421799991,-0.20115193724632263,-1.2340599298477173,-3.032048463821411
43.77727637199996,-0.2006734013557434,-1.2340599298477173,-2.9065403938293457
43.84553790699988,-0.2006734013557434,-1.2340599298477173,-2.9065403938293457
43.90742626499991,-0.2006734013557434,-1.2340599298477173,-2.9065403938293457
43.97715513100002,-0.2006734013557434,-1.2340599298477173,-2.9065403938293457
44.029412257999866,-0.2006734013557434,-1.2340599298477173,-2.9065403938293457
44.06564615299999,-0.2006734013557434,-1.2340599298477173,-2.9065403938293457
44.10201077099987,-0.2006734013557434,-1.2340599298477173,-2.9065403938293457
44.145085594999955,-0.2006734013557434,-1.2340599298477173,-2.9065403938293457
44.19310726999993,-0.2006734013557434,-1.2340599298477173,-2.9065403938293457
44.26948791699988,-0.2006734013557434,-1.2340599298477173,-2.9065403938293457
44.332142689999955,-0.2006734013557434,-1.2340599298477173,-2.9065403938293457
44.42328727599988,-0.2006734013557434,-1.2340599298477173,-2.9065403938293457
44.47714116099996,-0.2006734013557434,-1.2340599298477173,-2.9065403938293457
44.52404991000003,-0.2006734013557434,-1.2340599298477173,-2.9065403938293457
44.60201297599997,-0.2006734013557434,-1.2340599298477173,-2.9065403938293457
44.65661243599993,-0.2006734013557434,-1.2340599298477173,-2.9065403938293457
44.75473039100007,-0.2006734013557434,-1.2340599298477173,-2.9065403938293457
44.81407442799991,-0.2006734013557434,-1.2340599298477173,-2.9065403938293457
44.859557976999895,-0.2006734013557434,-1.2340599298477173,-2.9065403938293457
44.936815126000056,-0.2006734013557434,-1.2340599298477173,-2.9065403938293457
44.99383484500004,-0.2006734013557434,-1.2340599298477173,-2.9065403938293457
45.05261280599984,-0.2006734013557434,-1.2340599298477173,-2.9065403938293457
45.11971178299996,-0.2006734013557434,-1.2340599298477173,-2.9065403938293457
45.20962327799998,-0.2006734013557434,-1.2340599298477173,-2.9065403938293457
45.255150476999916,-0.2006734013557434,-1.2340599298477173,-2.9065403938293457
45.31769428300004,-0.2006734013557434,-1.2340599298477173,-2.9065403938293457
45.42006279899988,-0.2006734013557434,-1.2340599298477173,-2.9065403938293457
45.47329923999996,-0.2006734013557434,-1.2340599298477173,-2.9065403938293457
45.519538426000054,-0.2006734013557434,-1.2340599298477173,-2.9065403938293457
45.60521345799998,-0.2006734013557434,-1.2340599298477173,-2.9065403938293457
45.67029996399992,-0.2006734013557434,-1.2340599298477173,-2.9065403938293457
45.717756335999866,-0.2006734013557434,-1.2340599298477173,-2.9065403938293457
45.79069237199997,-0.20307840406894684,-1.2346351146697998,-2.6755611896514893
45.905523080999956,-0.20307840406894684,-1.2346351146697998,-2.6755611896514893
45.95733373300004,-0.20307840406894684,-1.2346351146697998,-2.6755611896514893
46.05706155799999,-0.20307840406894684,-1.2346351146697998,-2.6755611896514893
46.102001842999925,-0.20307840406894684,-1.2346351146697998,-2.6755611896514893
46.15372993599999,-0.20307840406894684,-1.2346351146697998,-2.6755611896514893
46.21025371499991,-0.20307840406894684,-1.2346351146697998,-2.6755611896514893
46.26148866299991,-0.20307840406894684,-1.2346351146697998,-2.6755611896514893
46.33359030199995,-0.20307840406894684,-1.2346351146697998,-2.6755611896514893
46.383342460999984,-0.20307840406894684,-1.2346351146697998,-2.6755611896514893
46.450022996999905,-0.20307840406894684,-1.2346351146697998,-2.6755611896514893
46.528729098999975,-0.20307840406894684,-1.2346351146697998,-2.6755611896514893
46.58363360899989,-0.20307840406894684,-1.2346351146697998,-2.6755611896514893
46.65457855,-0.20307840406894684,-1.2346351146697998,-2.6755611896514893
46.72642384699998,-0.20307840406894684,-1.2346351146697998,-2.6755611896514893
46.838210350000054,-0.20307840406894684,-1.2346351146697998,-2.6755611896514893
46.88034381900002,-0.20307840406894684,-1.2346351146697998,-2.6755611896514893
46.925197085000036,-0.20307840406894684,-1.2346351146697998,-2.6755611896514893
47.011139476999915,-0.20307840406894684,-1.2346351146697998,-2.6755611896514893
47.061113188000036,-0.20307840406894684,-1.2346351146697998,-2.6755611896514893
47.11770361999993,-0.20307840406894684,-1.2346351146697998,-2.6755611896514893
47.178685895999934,-0.20307840406894684,-1.2346351146697998,-2.6755611896514893
47.25442627000007,-0.20307840406894684,-1.2346351146697998,-2.6755611896514893
47.321172627999886,-0.20307840406894684,-1.2346351146697998,-2.6755611896514893
47.37443620699992,-0.20307840406894684,-1.2346351146697998,-2.6755611896514893
47.4857230529999,-0.20307840406894684,-1.2346351146697998,-2.6755611896514893
47.52896988899988,-0.20307840406894684,-1.2346351146697998,-2.6755611896514893
47.581803189999846,-0.20307840406894684,-1.2346351146697998,-2.6755611896514893
47.67712724900002,-0.20307840406894684,-1.2346351146697998,-2.6755611896514893
47.731896275000054,-0.20307840406894684,-1.2346351146697998,-2.6755611896514893
47.78270980299999,-0.20307840406894684,-1.2346351146697998,-2.6755611896514893
47.86530415900006,-0.20115680992603302,-1.2346351146697998,-2.703942060470581
47.94633059800003,-0.20115680992603302,-1.2346351146697998,-2.703942060470581
48.44611417600004,-0.20115680992603302,-1.2346351146697998,-2.703942060470581
48.526132812000014,-0.20115680992603302,-1.2346351146697998,-2.703942060470581
48.58641037999996,-0.20115680992603302,-1.2346351146697998,-2.703942060470581
48.643482997999854,-0.20115680992603302,-1.2346351146697998,-2.703942060470581
48.70910951299993,-0.20115680992603302,-1.2346351146697998,-2.703942060470581
48.761533997000015,-0.20115680992603302,-1.2346351146697998,-2.703942060470581
48.820380372000045,-0.20115680992603302,-1.2346351146697998,-2.703942060470581
48.87397123899996,-0.20115680992603302,-1.2346351146697998,-2.703942060470581
48.91529443099989,-0.20115680992603302,-1.2346351146697998,-2.703942060470581
48.94558323399997,-0.20115680992603302,-1.2346351146697998,-2.703942060470581
48.990977062999946,-0.20115680992603302,-1.2346351146697998,-2.703942060470581
49.041146175999984,-0.20115680992603302,-1.2346351146697998,-2.703942060470581
49.10816558600004,-0.20115680992603302,-1.2346351146697998,-2.703942060470581
49.164062120999915,-0.20115680992603302,-1.2346351146697998,-2.703942060470581
49.21165735599993,-0.20115680992603302,-1.2346351146697998,-2.703942060470581
49.26555945599989,-0.20115680992603302,-1.2346351146697998,-2.703942060470581
49.32284586599985,-0.20115680992603302,-1.2346351146697998,-2.703942060470581
49.38248214700002,-0.20115680992603302,-1.2346351146697998,-2.703942060470581
49.45215404199985,-0.20115680992603302,-1.2346351146697998,-2.703942060470581
49.52788427199994,-0.20115680992603302,-1.2346351146697998,-2.703942060470581
49.58902225099996,-0.20115680992603302,-1.2346351146697998,-2.703942060470581
49.66509443999985,-0.20115680992603302,-1.2346351146697998,-2.703942060470581
49.74324474700006,-0.20115680992603302,-1.2346351146697998,-2.703942060470581
49.79712218899999,-0.20115680992603302,-1.2346351146697998,-2.703942060470581
49.89255881999998,-0.2002055048942566,-1.2346071004867554,-2.4120707511901855
49.950701580999976,-0.2002055048942566,-1.2346071004867554,-2.4120707511901855
50.010654036999995,-0.2002055048942566,-1.2346071004867554,-2.4120707511901855
50.06096192699988,-0.2002055048942566,-1.2346071004867554,-2.4120707511901855
50.127843415999905,-0.2002055048942566,-1.2346071004867554,-2.4120707511901855
50.17593355700001,-0.2002055048942566,-1.2346071004867554,-2.4120707511901855
50.247447632999865,-0.2002055048942566,-1.2346071004867554,-2.4120707511901855
50.33303802899991,-0.2002055048942566,-1.2346071004867554,-2.4120707511901855
50.37409905599998,-0.2002055048942566,-1.2346071004867554,-2.4120707511901855
50.44258302999992,-0.2002055048942566,-1.2346071004867554,-2.4120707511901855
50.54524421799988,-0.2002055048942566,-1.2346071004867554,-2.4120707511901855
50.58850699300001,-0.2002055048942566,-1.2346071004867554,-2.4120707511901855
50.63782628700005,-0.2002055048942566,-1.2346071004867554,-2.4120707511901855
50.71599287599997,-0.2002055048942566,-1.2346071004867554,-2.4120707511901855
50.79167669100002,-0.2002055048942566,-1.2346071004867554,-2.4120707511901855
50.865218486,-0.2002055048942566,-1.2346071004867554,-2.4120707511901855
50.938546767999924,-0.2002055048942566,-1.2346071004867554,-2.4120707511901855
50.98782961500001,-0.2002055048942566,-1.2346071004867554,-2.4120707511901855
51.061046543999964,-0.2002055048942566,-1.2346071004867554,-2.4120707511901855
51.11788727199996,-0.2002055048942566,-1.2346071004867554,-2.4120707511901855
51.169848542999944,-0.2002055048942566,-1.2346071004867554,-2.4120707511901855
51.25809081500006,-0.2002055048942566,-1.2346071004867554,-2.4120707511901855
51.306036649999896,-0.2002055048942566,-1.2346071004867554,-2.4120707511901855
51.373535769,-0.2002055048942566,-1.2346071004867554,-2.4120707511901855
51.437203255999975,-0.2002055048942566,-1.2346071004867554,-2.4120707511901855
51.51634698499993,-0.2002055048942566,-1.2346071004867554,-2.4120707511901855
51.58194330900005,-0.2002055048942566,-1.2346071004867554,-2.4120707511901855
51.667013359000066,-0.2002055048942566,-1.2346071004867554,-2.4120707511901855
51.715496280000025,-0.2002055048942566,-1.2346071004867554,-2.4120707511901855
51.77869388599993,-0.2002055048942566,-1.2346071004867554,-2.4120707511901855
51.84169496499999,-0.200685054063797,-1.2357887029647827,-2.4353561401367188
51.90749949199994,-0.200685054063797,-1.2357887029647827,-2.4353561401367188
51.97485598499998,-0.200685054063797,-1.2357887029647827,-2.4353561401367188
52.04766483499998,-0.200685054063797,-1.2357887029647827,-2.4353561401367188
52.12505222599998,-0.200685054063797,-1.2357887029647827,-2.4353561401367188
52.16871760899994,-0.200685054063797,-1.2357887029647827,-2.4353561401367188
52.23334032499997,-0.200685054063797,-1.2357887029647827,-2.4353561401367188
52.304496252000035,-0.200685054063797,-1.2357887029647827,-2.4353561401367188
52.37137461999987,-0.200685054063797,-1.2357887029647827,-2.4353561401367188
52.431266412000014,-0.200685054063797,-1.2357887029647827,-2.4353561401367188
52.523530467,-0.200685054063797,-1.2357887029647827,-2.4353561401367188
52.58792916599987,-0.200685054063797,-1.2357887029647827,-2.4353561401367188
52.66516105200003,-0.200685054063797,-1.2357887029647827,-2.4353561401367188
52.72054961699996,-0.200685054063797,-1.2357887029647827,-2.4353561401367188
52.77342634199999,-0.200685054063797,-1.2357887029647827,-2.4353561401367188
52.853640066000025,-0.200685054063797,-1.2357887029647827,-2.4353561401367188
52.919165108000016,-0.200685054063797,-1.2357887029647827,-2.4353561401367188
52.96663712700001,-0.200685054063797,-1.2357887029647827,-2.4353561401367188
53.45687799999996,-0.200685054063797,-1.2357887029647827,-2.4353561401367188
53.49109228999987,-0.200685054063797,-1.2357887029647827,-2.4353561401367188
53.53927179399989,-0.200685054063797,-1.2357887029647827,-2.4353561401367188
53.57603738399985,-0.200685054063797,-1.2357887029647827,-2.4353561401367188
53.62950897499991,-0.200685054063797,-1.2357887029647827,-2.4353561401367188
53.68912892499998,-0.200685054063797,-1.2357887029647827,-2.4353561401367188
53.75780775899989,-0.200685054063797,-1.2357887029647827,-2.4353561401367188
53.809511464000025,-0.200685054063797,-1.2357887029647827,-2.4353561401367188
53.86508359599998,-0.2002042680978775,-1.2352023124694824,-2.44356107711792
53.93036935600003,-0.2002042680978775,-1.2352023124694824,-2.44356107711792
54.013758484999926,-0.2002042680978775,-1.2352023124694824,-2.44356107711792
54.06893396600003,-0.2002042680978775,-1.2352023124694824,-2.44356107711792
54.107300100999964,-0.2002042680978775,-1.2352023124694824,-2.44356107711792
54.15941452099992,-0.2002042680978775,-1.2352023124694824,-2.44356107711792
54.1947795829999,-0.2002042680978775,-1.2352023124694824,-2.44356107711792
54.24824830500006,-0.2002042680978775,-1.2352023124694824,-2.44356107711792
54.30445118099988,-0.2002042680978775,-1.2352023124694824,-2.44356107711792
54.37183316699998,-0.2002042680978775,-1.2352023124694824,-2.44356107711792
54.441385482999976,-0.2002042680978775,-1.2352023124694824,-2.44356107711792
54.52513623899995,-0.2002042680978775,-1.2352023124694824,-2.44356107711792
54.617524585999945,-0.2002042680978775,-1.2352023124694824,-2.44356107711792
54.67124810699988,-0.2002042680978775,-1.2352023124694824,-2.44356107711792
54.72710813799995,-0.2002042680978775,-1.2352023124694824,-2.44356107711792
54.789853384000025,-0.2002042680978775,-1.2352023124694824,-2.44356107711792
54.85063658499985,-0.2002042680978775,-1.2352023124694824,-2.44356107711792
54.919661359999964,-0.2002042680978775,-1.2352023124694824,-2.44356107711792
55.001253833999954,-0.2002042680978775,-1.2352023124694824,-2.44356107711792
55.040202163000004,-0.2002042680978775,-1.2352023124694824,-2.44356107711792
55.11490647599999,-0.2002042680978775,-1.2352023124694824,-2.44356107711792
55.167256467000016,-0.2002042680978775,-1.2352023124694824,-2.44356107711792
55.24586367799998,-0.2002042680978775,-1.2352023124694824,-2.44356107711792
55.29973846799999,-0.2002042680978775,-1.2352023124694824,-2.44356107711792
55.364352773000064,-0.2002042680978775,-1.2352023124694824,-2.44356107711792
55.42698436599994,-0.2002042680978775,-1.2352023124694824,-2.44356107711792
55.50797805100001,-0.2002042680978775,-1.2352023124694824,-2.44356107711792
55.56668099399985,-0.2002042680978775,-1.2352023124694824,-2.44356107711792
55.65418987899989,-0.2002042680978775,-1.2352023124694824,-2.44356107711792
55.71545848400001,-0.2002042680978775,-1.2352023124694824,-2.44356107711792
55.780020252999975,-0.2002042680978775,-1.2352023124694824,-2.44356107711792
55.83610785499991,-0.2002042680978775,-1.2352023124694824,-2.44356107711792
55.90632799800005,-0.19782480597496033,-1.232764482498169,-1.9278091192245483
55.97419740700002,-0.19782480597496033,-1.232764482498169,-1.9278091192245483
56.043973181999945,-0.19782480597496033,-1.232764482498169,-1.9278091192245483
56.1138302679999,-0.19782480597496033,-1.232764482498169,-1.9278091192245483
56.18312494399993,-0.19782480597496033,-1.232764482498169,-1.9278091192245483
56.242683198999885,-0.19782480597496033,-1.232764482498169,-1.9278091192245483
56.29649876999997,-0.19782480597496033,-1.232764482498169,-1.9278091192245483
56.37289001099998,-0.19782480597496033,-1.232764482498169,-1.9278091192245483
56.43068346599989,-0.19782480597496033,-1.232764482498169,-1.9278091192245483
56.50266233100001,-0.19782480597496033,-1.232764482498169,-1.9278091192245483
56.61419583299994,-0.19782480597496033,-1.232764482498169,-1.9278091192245483
56.6610977119999,-0.19782480597496033,-1.232764482498169,-1.9278091192245483
56.699822282000014,-0.19782480597496033,-1.232764482498169,-1.9278091192245483
56.77206127699992,-0.19782480597496033,-1.232764482498169,-1.9278091192245483
56.845149798999955,-0.19782480597496033,-1.232764482498169,-1.9278091192245483
56.92959751800004,-0.19782480597496033,-1.232764482498169,-1.9278091192245483
